State Name,Average Income
Virginia,119396.66666666667
Minnesota,96392.5
New Jersey,114429.0
Wisconsin,86143.33333333333
Colorado,114276.5
